{"cameraMode":{"drawMode":0,"name":"Shaded","section":"Shading Mode"},"sceneLighting":true,"audioPlay":false,"sceneViewState":{"showFog":true,"showMaterialUpdate":false,"showSkybox":true,"showFlares":true,"showImageEffects":true,"showParticleSystems":true},"in2DMode":false,"pivot":{"x":-50.382164001464847,"y":59.08342361450195,"z":51.69353103637695},"rotation":{"x":-0.16400554776191712,"y":-0.8314717411994934,"z":0.32470807433128359,"w":-0.41995882987976076},"size":25.959999084472658,"orthographic":false}